Week,immigration_reaction_amount,immigration_reaction_ratio,race_reaction_amount,race_reaction_ratio,immigration_user_amount,immigration_user_ratio,race_user_amount,race_user_ratio,immigration_post_amount,immigration_post_ratio,race_post_amount,race_post_ratio,related_reaction_amount,related_reaction_ratio,related_user_amount,related_user_ratio,related_post_amount,related_post_ratio,std_whole_x,std_whole_y,std_all,std_new,std_quit
2016-07-24,2885263.0,0.026049162594858497,2825095.0,0.025505944865657573,1595933.0,0.12881219595998614,1526362.0,0.12319692684459585,2934,0.017824922084312977,4145,0.025182107034586662,5710358.0,0.05155510746051607,3122295.0,0.252009122804582,7079,0.04300702911889964,1.0134067246289762,1.0134067246289762,1.0211559424608037,1.0150743727777005,1.0174470268307934
2015-10-25,2023930.0,0.02135322019913157,1911064.0,0.020162441589695882,839970.0,0.07631679798167568,941576.0,0.08554837122325114,3942,0.025654208344451025,3284,0.0213719990368283,3934994.0,0.04151566178882746,1781546.0,0.16186516920492683,7226,0.04702620738127933,1.0049789025653608,1.0049789025653608,1.0067628194841192,1.0052808415916907,1.0060373834426264
2016-07-17,1425550.0,0.014048936657956305,4071174.0,0.04012182361160156,904224.0,0.07621874688646844,1946117.0,0.1640418735119321,2707,0.016161194029850747,6442,0.038459701492537315,5496724.0,0.05417076026955787,2850341.0,0.24026062039840057,9149,0.054620895522388066,1.0146314412867696,1.0146314412867696,1.021680514434449,1.0164195542818724,1.0181591022591916
2015-06-28,3710509.0,0.03701542531433557,2512224.0,0.025061531947471724,1696206.0,0.15708728130035432,1262465.0,0.11691810699104463,3391,0.026420151306204176,3372,0.026272117429820257,6222733.0,0.06207695726180729,2958671.0,0.274005388291399,6763,0.052692268736024436,1.003497062342483,1.003497062342483,1.0046522677096654,1.0035579664429528,1.0042384616299063
2016-04-17,1379229.0,0.016774314792709306,983745.0,0.01196440062219821,839057.0,0.07124129221396612,640050.0,0.05434432831327194,2640,0.01716124419020379,2203,0.014320538239022329,2362974.0,0.028738715414907516,1479107.0,0.12558562052723807,4843,0.03148178242922612,1.0118899668865078,1.0118899668865078,1.0180394503315544,1.0129605972159432,1.0148877285478601
2015-12-20,3189034.0,0.0358167811365077,1355411.0,0.015222935577674944,1440345.0,0.12935090827041335,762471.0,0.0684740922347426,4313,0.031472333097394216,2272,0.016578980013280696,4544445.0,0.05103971671418264,2202816.0,0.19782500050515595,6585,0.04805131311067491,1.006310507594477,1.006310507594477,1.0086833106489057,1.0070826958321355,1.0077926369302443
2015-05-31,1157481.0,0.014520599341899329,1123977.0,0.014100291656199956,574227.0,0.058284305227314336,598181.0,0.0607156472704699,2945,0.02276222938453096,2403,0.018573051684559555,2281458.0,0.028620890998099287,1172408.0,0.11899995249778424,5348,0.04133528106909051,1.002613409119393,1.002613409119393,1.0040417696199944,1.0026640669399265,1.0039160492495673
2015-06-07,1148998.0,0.014058677006692735,2656727.0,0.03250664212466843,598943.0,0.060082870087770475,1187334.0,0.11910721800370462,2250,0.01737317581653926,4621,0.035680642421434636,3805725.0,0.046565319131361166,1786277.0,0.1791900880914751,6871,0.05305381823797389,1.0024116484290486,1.0024116484290486,1.0039258332886571,1.0024992753214097,1.0037464980871007
2016-02-21,2281335.0,0.023973048876432812,2282208.0,0.023982222659182442,1222254.0,0.10714124171756426,1210215.0,0.1060859181849452,3595,0.02065356022566672,4453,0.02558283829899691,4563543.0,0.047955271535615254,2432469.0,0.21322715990250946,8048,0.04623639852466363,1.009295389711655,1.009295389711655,1.0145452577519425,1.011001383483591,1.0122694327463608
2015-08-30,2597737.0,0.02875863514792308,2950658.0,0.032665699748781515,1242912.0,0.1160947048659922,1303123.0,0.12171873800324265,3839,0.027194163065807183,4878,0.034554083728837566,5548395.0,0.0614243348967046,2546035.0,0.23781344286923484,8717,0.061748246794644746,1.0032086435025476,1.0032086435025476,1.0055815495106313,1.0036845337899236,1.004309724139689
2016-03-27,1581536.0,0.018598844682296216,1044237.0,0.0122802147877171,844791.0,0.07300337782484947,703680.0,0.0608091432174231,3751,0.022821576763485483,2378,0.014468064394446404,2625773.0,0.030879059470013313,1548471.0,0.1338125210422726,6129,0.03728964115793189,1.0103992252527325,1.0103992252527325,1.016160434620537,1.0124911159043883,1.013424954931029
2015-08-23,2454085.0,0.028128862498342868,2416850.0,0.02770207280070575,1088539.0,0.10410875814513054,1209950.0,0.11572060524951397,3704,0.02613364565768029,4184,0.029520295202952032,4870935.0,0.05583093529904862,2298489.0,0.2198293633946445,7888,0.05565394086063232,1.0035232261022746,1.0035232261022746,1.0052946970438639,1.0039451490858493,1.0042503772765816
2016-06-12,5092466.0,0.053971114042981265,565235.0,0.005990489214083022,2377084.0,0.19654520954724514,417671.0,0.034534427145530996,5213,0.034621540668521834,1462,0.009709705056086496,5657701.0,0.05996160325706429,2794755.0,0.23107963669277615,6675,0.04433124572460833,1.0143579474153457,1.0143579474153457,1.0217261754586415,1.016304918649678,1.0174579287169168
2015-11-29,3954114.0,0.04002165925136837,1891194.0,0.01914176522129416,1542726.0,0.13597024375694955,946350.0,0.08340783793064302,4808,0.030861067428351364,3459,0.022202252960621328,5845308.0,0.05916342447266253,2489076.0,0.21937808168759257,8267,0.05306332038897269,1.0073643123686526,1.0073643123686526,1.00936104394449,1.0078634994674476,1.00819744912708
2015-08-16,3573392.0,0.03943027005293416,1818673.0,0.020067982333866512,1435095.0,0.1345706701494564,931933.0,0.0873885341001072,4277,0.02982462257243472,3780,0.026358913566472582,5392065.0,0.059498252386800676,2367028.0,0.2219592042495636,8057,0.0561835361389073,1.002392510442943,1.002392510442943,1.0035831705451195,1.0025824530875607,1.0031405935114972
2016-11-06,4181098.0,0.0238633251724881,2681125.0,0.015302333909199729,2696971.0,0.17211166306134484,1579969.0,0.10082833377717816,2819,0.015789886406918648,2964,0.01660206573611453,6862223.0,0.03916565908168783,4276940.0,0.272939996838523,5783,0.03239195214303318,1.0190055204194772,1.0190055204194772,1.0252788364314114,1.0205047349201108,1.0220819439922362
2016-03-13,1543590.0,0.017264635833053155,1197049.0,0.013388668661574931,932836.0,0.08177009290119577,757228.0,0.06637673064438622,2928,0.017419861497822518,2799,0.01665238809166845,2740639.0,0.030653304494628088,1690064.0,0.148146823545582,5727,0.03407224958949097,1.0113040930033264,1.0113040930033264,1.0168636988775717,1.0127765185000512,1.0138486506560718
2015-09-06,2442533.0,0.026188013501274445,1734921.0,0.018601236737290576,1105152.0,0.09975070267186804,902577.0,0.08146634125031366,4015,0.02779373792893387,4078,0.028229853866548527,4177454.0,0.04478925023856502,2007729.0,0.1812170439221817,8093,0.0560235917954824,1.0041092046505622,1.0041092046505622,1.0057877244644855,1.0041676228155263,1.005122429025511
2016-07-31,2586386.0,0.028760238314958494,1744125.0,0.019394417790336398,1403614.0,0.12599195458374646,1015312.0,0.09113698167183623,3617,0.02310768680363897,3391,0.021663855667995502,4330511.0,0.04815465610529489,2418926.0,0.2171289362555827,7008,0.04477154247163447,1.0154322734968377,1.0154322734968377,1.0233817371751792,1.0170513657992837,1.019281455091948
2016-02-14,1812841.0,0.01790399046211369,2337966.0,0.023090232935346282,955989.0,0.08141101214128073,1217105.0,0.10364737453277546,2759,0.016911440200068652,3689,0.02261192566076595,4150807.0,0.04099422339745997,2173094.0,0.1850583866740562,6448,0.0395233658608346,1.0094153926687595,1.0094153926687595,1.0143072716506634,1.0103291213252819,1.0121132846930125
2015-08-02,1731082.0,0.018550375772517967,1441877.0,0.015451238108738288,801105.0,0.07502411976213448,765288.0,0.07166982925399837,2821,0.02049489988666415,3058,0.022216733021417568,3172959.0,0.034001613881256255,1566393.0,0.14669394901613286,5879,0.04271163290808172,1.003262472000358,1.003262472000358,1.0037298883356502,1.0032337719191067,1.0037140251426493
2015-11-01,2294356.0,0.02437428132125204,1652490.0,0.017555364616718496,1020713.0,0.08908832479511998,919087.0,0.0802183583151899,4519,0.029593587510314205,3130,0.02049743945724352,3946846.0,0.041929645937970536,1939800.0,0.16930668311030989,7649,0.050091026967557725,1.0060462201495135,1.0060462201495135,1.0074900586077047,1.0064429637714956,1.0067292679249538
2016-09-25,1296630.0,0.01298624466414253,2251390.0,0.022548530709920217,807464.0,0.06673749283624758,1226463.0,0.10136806802089343,2403,0.014527098509808663,4676,0.028268294894658888,3548020.0,0.035534775374062744,2033927.0,0.168105560857141,7079,0.04279539340446755,1.0146997207717539,1.0146997207717539,1.022951184297792,1.0169991047586278,1.0187414435773248
2016-10-09,1589001.0,0.013792785395183756,1610831.0,0.013982273321986106,1072113.0,0.08723494296030032,1022365.0,0.08318708238740452,2317,0.013527873140428314,2855,0.016669002078516546,3199832.0,0.027775058717169863,2094478.0,0.17042202534770484,5172,0.03019687521894486,1.0170292400937544,1.0170292400937544,1.0247215293257683,1.0188873722145557,1.0207799088825233
2015-05-24,1621914.0,0.02071997980423026,1179323.0,0.015065872014585391,746734.0,0.0789331956637026,596103.0,0.06301081072339028,3055,0.024746861077359256,2931,0.023742405832320776,2801237.0,0.035785851818815655,1342837.0,0.14194400638709287,5986,0.04848926690968003,1.0027243576023919,1.0027243576023919,1.0037551919422625,1.0027243576022615,1.0037552139612498
2016-11-13,3408562.0,0.030718162895315107,1426379.0,0.012854612142145769,1890485.0,0.14846427585847272,935371.0,0.07345690559513325,3658,0.02448444120186612,2462,0.016479140032529902,4834941.0,0.043572775037460876,2825856.0,0.22192118145360595,6120,0.04096358123439602,1.0177383464945384,1.0177383464945384,1.024109617744717,1.0192532707995046,1.0209087365944574
2016-05-01,1313912.0,0.016282477322033678,974529.0,0.01207671924920707,751099.0,0.06621794858796715,679119.0,0.059872090133406726,2440,0.015990562946457832,1957,0.012825217904187692,2288441.0,0.028359196571240745,1430218.0,0.12609003872137386,4397,0.028815780850645525,1.0101678079153593,1.0101678079153593,1.0198245051021624,1.0108556182750539,1.0168636427246591
2016-08-21,1752980.0,0.021091178336549984,2875390.0,0.034595581967354135,935591.0,0.08484556254164782,1375184.0,0.1247107551037509,3362,0.021679273144655304,4488,0.02894008860000387,4628370.0,0.05568676030390412,2310775.0,0.20955631764539873,7850,0.05061936174465917,1.0168429345753955,1.0168429345753955,1.024870900294502,1.0189549350772886,1.0196634593905625
2016-04-24,992074.0,0.01280022580391357,791398.0,0.010211005530601136,580540.0,0.05272024533158296,526644.0,0.047825818862449056,2215,0.014455393852378776,1974,0.012882594792142531,1783472.0,0.023011231334514708,1107184.0,0.10054606419403202,4189,0.027337988644521305,1.0124881874600178,1.0124881874600178,1.0184877556326122,1.0135132375933444,1.0156464968717063
2016-01-10,3214178.0,0.02902473059064638,1013067.0,0.009148216665434946,1431808.0,0.12089333920093648,615679.0,0.051984267573510816,4827,0.028484261958433163,1937,0.0114302911567195,4227245.0,0.03817294725608133,2047487.0,0.1728776067744473,6764,0.039914553115152664,1.0097399738718238,1.0097399738718238,1.0134087051670733,1.010542938230248,1.0113575789027685
2015-10-11,2199331.0,0.024312495207185186,1444440.0,0.015967555850877637,1027290.0,0.0960420438820959,801505.0,0.07493324998950568,3748,0.025609489450092927,2530,0.0172870886629496,3643771.0,0.04028005105806282,1828795.0,0.1709752938716016,6278,0.042896578113042524,1.0052423464642317,1.0052423464642317,1.0070222249840384,1.0055166491542211,1.0060909021884277
2016-03-06,1846641.0,0.01780176731011599,1339913.0,0.012916868758897613,1150202.0,0.09130339457206947,860026.0,0.06826913291772976,3171,0.01842619064221463,2532,0.014713060456035144,3186554.0,0.030718636069013604,2010228.0,0.15957252748979922,5703,0.03313925109824978,1.009686736848162,1.009686736848162,1.0148496838877001,1.0114521703751551,1.0118760688374164
2015-11-15,5466549.0,0.045674805933528975,1060746.0,0.008862879980544788,2355648.0,0.1845195801317288,631444.0,0.04946145678670979,6065,0.038169620380626317,2065,0.012995921860839794,6527295.0,0.054537685914073764,2987092.0,0.2339810369184386,8130,0.05116554224146611,1.0076308314355593,1.0076308314355593,1.0097763264582025,1.0083010367154388,1.0085132767741904
2016-06-05,2432844.0,0.029355499407434583,985575.0,0.011892273540137523,1422388.0,0.1225895890189001,682592.0,0.058829709437642236,3576,0.024099633383653226,2134,0.014381604485658832,3418419.0,0.041247772947572106,2104980.0,0.18141929845654234,5710,0.038481237869312054,1.0141726394584707,1.0141726394584707,1.0213397848556756,1.0164251915171119,1.0175251158070513
2016-01-24,2268817.0,0.02333684826890546,1333544.0,0.013716714035512455,998134.0,0.08756121334425684,845967.0,0.07421237726517775,3175,0.019044362868590896,2239,0.013430024712685043,3602361.0,0.03705356230441792,1844101.0,0.16177359060943458,5414,0.03247438758127594,1.0103674568017733,1.0103674568017733,1.0145311292808403,1.0108202379020632,1.012173129691437
2015-12-27,3237950.0,0.036769636904676,1225586.0,0.013917556545176495,1419575.0,0.13434837100677782,712715.0,0.06745124367651985,5262,0.03763921574237666,2127,0.01521448344432443,4463536.0,0.050687193449852494,2132290.0,0.20179961468329766,7389,0.05285369918670109,1.0076644565215715,1.0076644565215715,1.0100911710007454,1.0085610590785137,1.0093290357482023
2015-07-12,5071125.0,0.04877621417629994,1746294.0,0.016796590531447664,1905109.0,0.17355597392855587,927083.0,0.08445752604056113,5255,0.037942786177417726,2736,0.01975479790321882,6817419.0,0.0655728047077476,2832192.0,0.258013499969117,7991,0.05769758408063655,1.0044353974100917,1.0044353974100917,1.0052818900549196,1.0044840776286912,1.0050752564774181
2015-07-26,1605748.0,0.016632990796017034,1925124.0,0.0199412172851478,709809.0,0.06701773265966479,890687.0,0.08409561339661635,3240,0.022938702688925703,3434,0.02431219291165768,3530872.0,0.036574208081164836,1600496.0,0.15111334605628113,6674,0.04725089560058338,1.0033520420640802,1.0033520420640802,1.0033971087557716,1.0033068228120539,1.0033916717283127
2016-05-08,1575202.0,0.020778819286777432,1051977.0,0.013876848795802863,862332.0,0.07960535377141639,689595.0,0.06365930283695825,2876,0.01917473948089526,2477,0.01651454439992266,2627179.0,0.0346556680825803,1551927.0,0.14326465660837465,5353,0.03568928388081792,1.0104577795896341,1.0104577795896341,1.0199814329870687,1.0110860211088997,1.0170520195100476
2016-04-03,1397283.0,0.01734968939853782,1176615.0,0.014609713845842663,810880.0,0.07154366070828294,708956.0,0.06255094159567562,3093,0.019577684098591012,3206,0.020292937348879013,2573898.0,0.031959403244380485,1519836.0,0.13409460230395856,6299,0.03987062144747003,1.0110565579684523,1.0110565579684523,1.0170262314317287,1.0127897604606262,1.0139896803670387
2016-02-07,1931378.0,0.01880681411530089,2932962.0,0.028559749122772,977608.0,0.0806232016930074,1451072.0,0.11966971478043925,3194,0.018267399497846688,4297,0.024575771960628438,4864340.0,0.04736656323807289,2428680.0,0.20029291647344666,7491,0.042843171458475125,1.0091923125850635,1.0091923125850635,1.0149992313450398,1.0099812316202745,1.0125477520394264
2015-12-13,4735377.0,0.0469356466083285,1163481.0,0.011532077182345704,1908098.0,0.16728922005231814,707726.0,0.06204866340761686,7532,0.04795894327320425,2062,0.013129492967252677,5898858.0,0.058467723790674206,2615824.0,0.229337883459935,9594,0.06108843624045693,1.0018954383426164,1.0018954383426164,1.0075821680374613,1.0037149062260076,1.0064360792936828
2016-08-28,3730195.0,0.04466273281597196,2907051.0,0.034806985183188574,1699979.0,0.15375527014004112,1423975.0,0.12879197966425765,6156,0.0388994906921784,4763,0.03009718553717441,6637246.0,0.07946971799916053,3123954.0,0.2825472498042988,10919,0.06899667622935281,1.01701188725121,1.01701188725121,1.026496901839101,1.0197465945942141,1.0202410229393277
2016-09-18,1675903.0,0.018766539880303974,4827657.0,0.054059463834678176,945040.0,0.08056934625559795,2200840.0,0.18763252350500528,3370,0.020522626652619527,6943,0.04228148274455115,6503560.0,0.07282600371498216,3145880.0,0.26820186976060323,10313,0.06280410939717068,1.0159790655582919,1.0159790655582919,1.0232196584617366,1.0185437575276206,1.0192237811001585
2016-06-26,1768173.0,0.022865334481747056,719685.0,0.009306690152205768,893246.0,0.08266970526047297,511720.0,0.047359564527452935,3193,0.02236291943605942,1644,0.011514137035039677,2487858.0,0.03217202463395283,1404966.0,0.1300292697879259,4837,0.03387705647109909,1.0158211203220684,1.0158211203220684,1.023668686436034,1.0184572940201686,1.0187125028697603
2015-06-14,1745306.0,0.0211746913553361,3561739.0,0.043212321514544405,855638.0,0.08583455652510279,1488699.0,0.14934098119106912,2884,0.021303785780240076,6880,0.05082179132040628,5307045.0,0.06438701286988051,2344337.0,0.2351755377161719,9764,0.07212557710064636,1.001956729546785,1.001956729546785,1.0042143805519597,1.0020028183749883,1.0036763061491851
2016-08-14,1879845.0,0.02106310443768975,2896083.0,0.032449749149114866,1085992.0,0.09802214937801057,1404138.0,0.12673815717182174,3005,0.019358122036693463,4475,0.028827819006390438,4775928.0,0.05351285358680462,2490130.0,0.2247603065498323,7480,0.0481859410430839,1.0165545424132638,1.0165545424132638,1.0246363587233365,1.018714939525779,1.019436189588222
2016-02-28,1894707.0,0.01789600065769236,2073888.0,0.0195884118293648,1107252.0,0.08736084029102291,1225272.0,0.09667247519540467,2997,0.017270490339013327,3666,0.021125664859133426,3968595.0,0.03748441248705716,2332524.0,0.1840333154864276,6663,0.03839615519814675,1.0090459589455514,1.0090459589455514,1.0140248665610676,1.0110040414265005,1.0117331080318097
2016-11-20,1935008.0,0.02059158933998153,1469594.0,0.015638837743565302,1211495.0,0.10265456566432522,949018.0,0.0804138940710664,2317,0.017229071548608737,2410,0.017920613911155396,3404602.0,0.03623042708354683,2160513.0,0.18306845973539163,4727,0.03514968545976413,1.01567231753599,1.01567231753599,1.023031514469497,1.0176174193242458,1.0191782322921266
2016-09-11,1437340.0,0.01568066762329205,2054840.0,0.022417286834740167,798846.0,0.06677698556887658,1122512.0,0.0938328133643916,2889,0.017671129814602997,3340,0.020429758941077885,3492180.0,0.03809795445803221,1921358.0,0.16060979893326818,6229,0.03810088875568088,1.0159177710392588,1.0159177710392588,1.0233071803683056,1.0185580036980573,1.0188297333235314
2016-01-03,3346890.0,0.03207013108672909,1194825.0,0.011448895654085162,1490054.0,0.12835303696399045,671536.0,0.057846014326091724,5156,0.03247587614320627,2712,0.017081958126527425,4541715.0,0.04351902674081425,2161590.0,0.18619905129008218,7868,0.04955783426973369,1.0095376274502401,1.0095376274502401,1.012668918582605,1.0102394057068764,1.011278622175587
2016-01-17,2368693.0,0.023171043175146032,2343154.0,0.02292121541289484,1054882.0,0.09045487168977454,1253298.0,0.1074688067281943,4368,0.025780101869175426,3211,0.01895144393359027,4711847.0,0.04609225858804088,2308180.0,0.19792367841796882,7579,0.0447315458027657,1.0098135503004977,1.0098135503004977,1.0140354789594415,1.0105932323220375,1.0116879754669368
2016-09-04,1555472.0,0.0180721626835759,1574922.0,0.01829814139884403,893336.0,0.07867171772812842,861752.0,0.07589026983760885,3259,0.02094324951320922,3288,0.0211296116598441,3130394.0,0.03637030408241993,1755088.0,0.15456198756573727,6547,0.04207286117305332,1.0160715664334912,1.0160715664334912,1.0231583831307995,1.0186387876266136,1.0189771410769295
2015-09-13,4546891.0,0.046881116917060144,1380075.0,0.014229383864559712,2056936.0,0.17797745560289074,791627.0,0.06849593728076596,6137,0.04173694232861806,3021,0.02054542981501632,5926966.0,0.06111050078161986,2848563.0,0.24647339288365672,9158,0.062282372143634385,1.0045534984686064,1.0045534984686064,1.0066068201036589,1.0047272576372936,1.0058376441001964
2016-06-19,3077332.0,0.035567656166455866,636095.0,0.007351955606090518,1538811.0,0.13283633149558155,442903.0,0.03823316166078066,4393,0.02886599292970444,1699,0.01116397040463643,3713427.0,0.042919611772546384,1981714.0,0.17106949315636222,6092,0.04002996333434087,1.014918727197679,1.014918727197679,1.0223020471921773,1.0168617891470735,1.0178473797472103
2015-07-05,5617941.0,0.056021397167577085,1685061.0,0.01680321518730699,1690172.0,0.15661788716727645,874819.0,0.08106411858307297,5454,0.039753925098765255,2984,0.021750222312929137,7303002.0,0.07282461235488408,2564991.0,0.23768200575034942,8438,0.061504147411694396,1.0047552107494582,1.0047552107494582,1.0059211327189024,1.0048166076026805,1.0053601100270193
2015-09-27,2910952.0,0.0305839527902901,1166237.0,0.012253083304118223,1171666.0,0.10487044584166368,684866.0,0.06129921220023184,4521,0.030608099874074174,2254,0.015260043600124572,4077189.0,0.04283703609440832,1856532.0,0.1661696580418955,6775,0.04586814347419875,1.0048767009994755,1.0048767009994755,1.007068531107328,1.0051593432723023,1.0059978646969967
2016-08-07,1452160.0,0.014577063832865757,2500356.0,0.025099058655305814,850192.0,0.07220679704892069,1407727.0,0.11955823836178885,2508,0.015808682168588124,3193,0.020126444244139504,3952516.0,0.03967612248817157,2257919.0,0.19176503541070955,5701,0.03593512641272763,1.016036731805054,1.016036731805054,1.023428145401341,1.017800033690354,1.0190189478098195
2015-06-21,2013763.0,0.01959577126034769,2847518.0,0.02770897637295091,1101885.0,0.09789401076662207,1316563.0,0.11696650058484892,2573,0.01892370942949392,4785,0.035192362852751034,4861281.0,0.0473047476332986,2418448.0,0.214860511351471,7358,0.05411607228224495,1.00239849292926,1.00239849292926,1.0040685790269415,1.002450884412404,1.0034877277345806
2016-03-20,2838246.0,0.030211750045005006,883761.0,0.009407206574597012,1505112.0,0.12482806317505288,579084.0,0.048026946921998055,4170,0.024946159368269917,2289,0.013693467336683416,3722007.0,0.03961895661960202,2084196.0,0.17285501009705093,6459,0.038639626704953335,1.0103734849750758,1.0103734849750758,1.016589174782422,1.012339546721302,1.0129020302564504
2015-12-06,12380694.0,0.10929399480907344,1253089.0,0.011061989147079074,4004279.0,0.3223189603635672,741174.0,0.05965978722474297,10875,0.06886703437969008,2303,0.014583979786338047,13633783.0,0.12035598395615252,4745453.0,0.3819787475883102,13178,0.08345101416602813,1.001000059338513,1.001000059338513,1.008313347379135,1.003356513359136,1.006788854803582
2015-10-18,1831197.0,0.01973463532135,1208024.0,0.013018759368565213,824524.0,0.0752917206721031,717494.0,0.06551823577228794,3892,0.025864245936283045,2344,0.015577027871183828,3039221.0,0.03275339468991521,1542018.0,0.14080995644439104,6236,0.04144127380746687,1.0038172990265024,1.0038172990265024,1.0061156252909986,1.0039783091033405,1.0053379532343873
2016-04-10,889937.0,0.011463922780454164,920368.0,0.011855926522440394,525466.0,0.0487476471128486,589686.0,0.05470535683638378,2711,0.017444067665737948,2643,0.017006518200127402,1810305.0,0.02331984930289456,1115152.0,0.10345300394923237,5354,0.03445058586586535,1.011358011786087,1.011358011786087,1.0175114842457613,1.0125854756599812,1.0146030211665298
2016-10-30,1328556.0,0.011395349359822792,2031651.0,0.017425966931189453,922401.0,0.0724147002624245,1114550.0,0.08749969284235948,1702,0.009909348672834295,3275,0.01906763625354425,3360207.0,0.028821316291012245,2036951.0,0.15991439310478398,4977,0.028976984926378548,1.018851446578262,1.018851446578262,1.0259580539544393,1.0200690004654573,1.0213925901968632
2016-01-31,2368850.0,0.024093474442360176,1546545.0,0.015729844621423864,1052858.0,0.08867867794517352,955937.0,0.0805153490393532,3931,0.02308740441426944,2646,0.015540389743107844,3915395.0,0.03982331906378404,2008795.0,0.16919402698452674,6577,0.038627794157377285,1.010126889015277,1.010126889015277,1.0148858459069101,1.010782856150939,1.0126057490772333
2016-05-22,1274259.0,0.01667106929805475,837638.0,0.010958777724688612,757755.0,0.06896930547116169,557209.0,0.05071601999627919,2331,0.015601574212893553,2180,0.014590918826301138,2111897.0,0.027629847022743362,1314964.0,0.11968532546744087,4511,0.03019249303919469,1.0097598449769678,1.0097598449769678,1.0196911409817875,1.0111314822413027,1.0154747596138374
2015-09-20,6529093.0,0.06981814444964084,1385723.0,0.014818077883281744,2068908.0,0.18856575376975107,809050.0,0.0737389594353239,8057,0.05429062363127927,2871,0.01934570937636872,7914816.0,0.08463622233292258,2877958.0,0.262304713205075,10928,0.07363633300764799,1.0042100866970178,1.0042100866970178,1.0067658036032754,1.0043100443859314,1.005796481428683
2015-07-19,3692450.0,0.03687240887308863,2421239.0,0.024178232443897208,1381672.0,0.12839376397147978,1164769.0,0.10823775546388473,4949,0.035034687809712584,3443,0.024373495681721646,6113689.0,0.06105064131698584,2546441.0,0.2366315194353645,8392,0.05940818349143423,1.0044949709389863,1.0044949709389863,1.0048109502658034,1.004521599804277,1.0046993714928232
2015-11-22,3549714.0,0.0386747224941353,2337492.0,0.025467362844516853,1533758.0,0.14050504601716649,1160238.0,0.1062874935816897,4446,0.03131868131868132,4162,0.029318117779656237,5887206.0,0.06414208533865215,2693996.0,0.24679253959885616,8608,0.06063679909833755,1.0073811976173075,1.0073811976173075,1.0098532887809035,1.0080177704565878,1.0085827084280787
2015-08-09,1419778.0,0.016288117515988482,2615829.0,0.030009572027268092,819490.0,0.07923204598782684,1237909.0,0.119686711023618,2376,0.01680636604774536,4575,0.032360742705570295,4035607.0,0.046297689543256575,2057399.0,0.19891875701144485,6951,0.049167108753315654,1.002901655817818,1.002901655817818,1.0033395653570276,1.003168260501181,1.002855422994418
2016-05-15,882805.0,0.012094863416774631,793297.0,0.010868559720365273,534307.0,0.05078023575102253,501185.0,0.04763233956297826,2221,0.014843676901073345,2196,0.014676593640142756,1676102.0,0.022963423137139904,1035492.0,0.09841257531400079,4417,0.0295202705412161,1.0105705051360516,1.0105705051360516,1.0193941366738455,1.0114684277915864,1.0163148116218104
2016-10-16,1525303.0,0.014256864791209219,1198460.0,0.011201893773022541,1049450.0,0.08639208398418607,741636.0,0.06105243660745707,2314,0.013494521131113794,2824,0.01646868093097034,2723763.0,0.02545875856423176,1791086.0,0.14744452059164315,5138,0.02996320206208413,1.0167528604075482,1.0167528604075482,1.0245679069050577,1.0185574277390554,1.0205254650957076
2016-07-10,1231591.0,0.014135480341329585,6541143.0,0.07507540919536243,719923.0,0.06261551406138265,2694374.0,0.2343439688461457,2398,0.015821281536999895,9260,0.061094690172067985,7772734.0,0.08921088953669201,3414297.0,0.2969594829075283,11658,0.07691597170906789,1.0149747292188533,1.0149747292188533,1.022558640913429,1.0171344830097782,1.0185632209910582
2015-10-04,2114782.0,0.02417160043885521,1161922.0,0.013280571862780905,913994.0,0.0867001890626709,672110.0,0.06375541203871331,3589,0.02391980965456569,2501,0.016668555014229255,3276704.0,0.03745217230163612,1586104.0,0.1504556011013842,6090,0.040588364668794945,1.0058113445718535,1.0058113445718535,1.0074493479890392,1.006016947360329,1.0066532680115368
2016-10-02,1247237.0,0.012670585857627842,2038835.0,0.020712369755737408,749309.0,0.06203106284268066,1224392.0,0.10136050293814096,2506,0.014916311516392469,3321,0.01976738649079784,3286072.0,0.03338295561336525,1973701.0,0.16339156578082162,5827,0.03468369800719031,1.0182930276387125,1.0182930276387125,1.0270008060841378,1.0205330170629292,1.022483448219127
2015-11-08,3033042.0,0.0289342440584095,1590739.0,0.01517513785144758,1254223.0,0.10358176396459652,850146.0,0.07021049869715823,4163,0.026588066984301356,3121,0.01993306679269866,4623781.0,0.04410938190985708,2104369.0,0.17379226266175474,7284,0.04652113377700001,1.0059540659737438,1.0059540659737438,1.007096660998184,1.006413238042781,1.0062652741531488
2016-10-23,781820.0,0.007961162252706487,1707909.0,0.017391395285177767,518462.0,0.04454592093133832,1012311.0,0.08697710876385159,2079,0.012314672763782186,3032,0.01795963820095603,2489729.0,0.025352557537884256,1530773.0,0.13152302969518992,5111,0.030274310964738215,1.0184760465986027,1.0184760465986027,1.0263105726830717,1.0196220871384332,1.021446152068816
2016-07-03,1370080.0,0.014621107948262784,4658694.0,0.049716270489259126,759735.0,0.06165240471036106,2206981.0,0.1790962451382092,2552,0.017050959116450302,6766,0.04520642217159198,6028774.0,0.06433737843752191,2966716.0,0.24074864984857028,9318,0.062257381288042285,1.0150429172222104,1.0150429172222104,1.0224445979796257,1.017278607712222,1.0180786007355702
2016-05-29,1519156.0,0.020328871031175453,724817.0,0.00969927467238618,841232.0,0.07837607082870132,480617.0,0.04477822055447004,2835,0.020181670629440325,2006,0.014280222674658656,2243973.0,0.03002814570356163,1321849.0,0.12315429138317135,4841,0.03446189330409898,1.0132923359938555,1.0132923359938555,1.0200727994801695,1.015294424493001,1.0165762844273418
